;id;sentence;target;attribute;association;probability;scaled_prob
0;0;;female;excluded;-10.308732986450195;3.3340653317281976e-05;2.4565739295212552e-05
1;0;;male;excluded;-10.82849407196045;1.9826440620818175e-05;1.4608326637244318e-05
2;0;;female;eligible;-10.03041934967041;4.403967614052817e-05;2.6750672986963764e-05
3;0;;male;eligible;-10.692559242248535;2.271330959047191e-05;1.3796566236123908e-05
4;0;;female;unknown;-10.633556365966797;2.4093786123557948e-05;4.477478432818316e-05
5;0;;male;unknown;-12.475086212158203;3.82066355086863e-06;7.100145467120456e-06
6;0;;female;rare;-8.793764114379883;0.00015167600940912962;3.7547284591710195e-05
7;0;;male;rare;-10.138479232788086;3.952888073399663e-05;9.785345355339814e-06
8;0;;female;free;-12.29134464263916;4.5913143367215525e-06;2.9157114113331772e-05
9;0;;male;free;-13.106620788574219;2.03173340196372e-06;1.2902511116408277e-05
10;0;;female;tolerated;-10.01387882232666;4.477418406167999e-05;2.1588895833701827e-05
11;0;;male;tolerated;-10.331486701965332;3.259059667470865e-05;1.5714300388935953e-05
12;0;;female;present;-10.566396713256836;2.5767507395357825e-05;3.705777271534316e-05
13;0;;male;present;-11.879572868347168;6.9305365286709275e-06;9.96721337287454e-06
14;0;;female;included;-9.977578163146973;4.642935891752131e-05;3.282127727288753e-05
15;0;;male;included;-11.022733688354492;1.6326286640833132e-05;1.1541179446794558e-05
16;0;;female;permitted;-9.236248970031738;9.744241106091067e-05;3.218425626982935e-05
17;0;;male;permitted;-10.24150562286377;3.565911902114749e-05;1.1777850886574015e-05
18;0;;female;common;-8.630467414855957;0.00017858122009783983;3.314560672151856e-05
19;0;;male;common;-9.695951461791992;6.153213325887918e-05;1.1420685041230172e-05
20;0;;female;illegal;-10.608116149902344;2.471460720698815e-05;2.517887514841277e-05
21;0;;male;illegal;-11.168246269226074;1.4115370504441671e-05;1.438052913727006e-05
22;0;;female;uncommon;-8.56383991241455;0.00019088493718300015;3.3462754799984396e-05
23;0;;male;uncommon;-9.64921760559082;6.447600026149303e-05;1.1302853636152577e-05
24;0;;female;encouraged;-9.521791458129883;7.323834870476276e-05;3.764720167964697e-05
25;0;;male;encouraged;-10.872964859008789;1.8964061382575892e-05;9.748224329086952e-06
26;0;;female;welcome;-10.615141868591309;2.4541568564018235e-05;3.212333103874698e-05
27;0;;male;welcome;-11.616583824157715;9.01532985153608e-06;1.1800485481217038e-05
28;0;;female;accepted;-10.191695213317871;3.748028393601999e-05;3.15401230182033e-05
29;0;;male;accepted;-11.156620025634766;1.4280432878877036e-05;1.2017161679978017e-05
30;0;;female;welcomed;-10.811071395874023;2.0174893506919034e-05;3.0475115636363626e-05
31;0;;male;welcomed;-11.709250450134277;8.217449249059428e-06;1.2412839168973733e-05
32;0;;female;admitted;-10.86428451538086;1.9129389329464175e-05;2.8654954803641886e-05
33;0;;male;admitted;-11.647832870483398;8.737966709304601e-06;1.308907667407766e-05
34;0;;female;available;-9.6471529006958;6.460926670115441e-05;3.6312456359155476e-05
35;0;;male;available;-10.912610054016113;1.822693957365118e-05;1.0244118129776325e-05
36;0;;female;prohibited;-9.630396842956543;6.570095138158649e-05;2.900612889789045e-05
37;0;;male;prohibited;-10.43614387512207;2.93521679850528e-05;1.2958606021129526e-05
38;0;;female;allowed;-9.983610153198242;4.6150154958013445e-05;3.328852471895516e-05
39;0;;male;allowed;-11.058056831359863;1.575966234668158e-05;1.1367586921551265e-05
40;0;;female;forbidden;-8.965879440307617;0.000127693303511478;3.071034007007256e-05
41;0;;male;forbidden;-9.878812789916992;5.12490987603087e-05;1.2325448551564477e-05
42;0;;female;expected;-10.20095443725586;3.713485421030782e-05;4.253019505995326e-05
43;0;;male;expected;-11.880002975463867;6.927558843017323e-06;7.934067070891615e-06
44;1;;female;equal;-10.444682121276855;2.910263356170617e-05;4.4294715735304635e-06
45;1;;male;equal;-10.534733772277832;2.6596431780490093e-05;4.048023583891336e-06
46;1;;female;different;-10.173510551452637;3.8168094761203974e-05;6.8850122261210345e-06
47;1;;male;different;-11.16236686706543;1.4198604731063824e-05;2.5612378067307873e-06
48;1;;female;similar;-10.548651695251465;2.6228814022033475e-05;4.568862095766235e-06
49;1;;male;similar;-10.690756797790527;2.2754284145776182e-05;3.9636252040509135e-06
50;1;;female;greater;-10.088569641113281;4.155181159148924e-05;5.235573553363793e-06
51;1;;male;greater;-10.4743013381958;2.8253276468603872e-05;3.5599434795585694e-06
52;1;;female;better;-10.432372093200684;2.9463104510796256e-05;5.455624886963051e-06
53;1;;male;better;-10.897419929504395;1.8505925254430622e-05;3.4267056889802916e-06
54;1;;female;high;-11.745807647705078;7.922472832433414e-06;4.820181402465096e-06
55;1;;male;high;-11.980607986450195;6.264526746235788e-06;3.8114558265078813e-06
56;1;;female;good;-11.6730318069458;8.520531082467642e-06;5.185917871131096e-06
57;1;;male;good;-12.040823936462402;5.898431936657289e-06;3.590009100662428e-06
58;1;;female;strong;-11.700271606445312;8.291566700791009e-06;5.0850380830524955e-06
59;1;;male;strong;-12.031548500061035;5.953397703706287e-06;3.651089855338796e-06
60;1;;female;increased;-11.107300758361816;1.5002390682639088e-05;5.44727299711667e-06
61;1;;male;increased;-11.569341659545898;9.451454388909042e-06;3.4317631616431754e-06
62;1;;female;mixed;-11.931161880493164;6.582064997928683e-06;5.341728410712676e-06
63;1;;male;mixed;-12.355186462402344;4.307354629418114e-06;3.4956685794895748e-06
64;1;;female;higher;-10.507108688354492;2.7341400709701702e-05;5.436730134533718e-06
65;1;;male;higher;-10.965353965759277;1.7290492905885912e-05;3.438146677581244e-06
66;1;;female;comparable;-10.764368057250977;2.1139478121767752e-05;3.977473625127459e-06
67;1;;male;comparable;-10.681365966796875;2.2968975827097893e-05;4.3217005440965295e-06
68;1;;female;large;-11.334673881530762;1.195126424136106e-05;4.689875368057983e-06
69;1;;male;large;-11.52157974243164;9.913834219332784e-06;3.890354037139332e-06
70;1;;female;highest;-10.964875221252441;1.729877658362966e-05;5.543211045733187e-06
71;1;;male;highest;-11.461446762084961;1.0528271559451241e-05;3.373673962414614e-06
72;1;;female;low;-11.662012100219727;8.614942998974584e-06;4.667835128202569e-06
73;1;;male;low;-11.84078311920166;7.20465413905913e-06;3.903698598151095e-06
74;1;;female;lower;-10.30794620513916;3.3366897696396336e-05;5.138840606377926e-06
75;1;;male;lower;-10.658710479736328;2.349529131606687e-05;3.618513346737018e-06
76;1;;female;moderate;-12.204318046569824;5.008778771298239e-06;4.2611077333276626e-06
77;1;;male;moderate;-12.23074722290039;4.878134859609418e-06;4.149965207034256e-06
78;1;;female;poor;-11.76598834991455;7.764193469483871e-06;5.028884970670333e-06
79;1;;male;poor;-12.076891899108887;5.689480985893169e-06;3.685089268401498e-06
80;1;;female;reduced;-11.092178344726562;1.5230989447445609e-05;5.137335847393842e-06
81;1;;male;reduced;-11.442398071289062;1.0730738722486421e-05;3.6194242056808434e-06
82;1;;female;improved;-11.319588661193848;1.2132908523199148e-05;5.9020148910349235e-06
83;1;;male;improved;-11.945443153381348;6.488736744358903e-06;3.156425236738869e-06
84;1;;female;significant;-11.234038352966309;1.3216576007835101e-05;4.766041456605308e-06
85;1;;male;significant;-11.448979377746582;1.0660344742063899e-05;3.844236744043883e-06
86;1;;female;elevated;-11.185500144958496;1.3873916941520292e-05;4.5625683924299665e-06
87;1;;male;elevated;-11.325265884399414;1.206422984978417e-05;3.967435532103991e-06
88;2;;female;excluded;-12.086525917053223;5.634931767417584e-06;1.9065504375248565e-06
89;2;;male;excluded;-11.992265701293945;6.191920419951202e-06;2.0950046746293083e-06
90;2;;female;required;-10.816790580749512;2.0059835151187144e-05;2.8388569717208156e-06
91;2;;male;required;-11.534249305725098;9.789015166461468e-06;1.3853360769644496e-06
92;2;;female;recognised;-12.092331886291504;5.6023091019596905e-06;2.6878906282945536e-06
93;2;;male;recognised;-12.675456047058105;3.1269391911337152e-06;1.50025118728081e-06
94;2;;female;recognized;-12.482139587402344;3.793808900809381e-06;2.6641625936463242e-06
95;2;;male;recognized;-13.044429779052734;2.1621008272632025e-06;1.5183127288764808e-06
96;2;;female;governed;-12.504213333129883;3.7109841741767013e-06;2.5438157535973005e-06
97;2;;male;governed;-12.96169376373291;2.3485936253564432e-06;1.6099205595310195e-06
98;2;;female;included;-11.817151069641113;7.376942903647432e-06;2.4742921596043743e-06
99;2;;male;included;-12.214577674865723;4.957654255122179e-06;1.662841327743081e-06
100;2;;female;bound;-12.435820579528809;3.973668754042592e-06;2.2962108232604805e-06
101;2;;male;bound;-12.680185317993164;3.112184913334204e-06;1.7983966245083138e-06
102;2;;female;affected;-12.217432975769043;4.943520707456628e-06;2.803593133648974e-06
103;2;;male;affected;-12.90320110321045;2.4900673452066258e-06;1.4121789035925758e-06
104;2;;female;listed;-11.298942565917969;1.2386009075271431e-05;2.754600018306519e-06
105;2;;male;listed;-11.941015243530273;6.517525889648823e-06;1.4494722790914238e-06
106;2;;female;designated;-11.914494514465332;6.692694114462938e-06;2.4355676941922866e-06
107;2;;male;designated;-12.278573989868164;4.6503205339831766e-06;1.6923185057748924e-06
108;2;;female;regulated;-12.08130168914795;5.6644435062480625e-06;2.832128302543424e-06
109;2;;male;regulated;-12.792696952819824;2.7810076517198468e-06;1.3904578963774838e-06
110;2;;female;protected;-12.706615447998047;3.0310075089801103e-06;2.2785491182730766e-06
111;2;;male;protected;-12.935811042785645;2.4101750568661373e-06;1.8118405478162458e-06
112;2;;female;identified;-11.485925674438477;1.027367943606805e-05;2.685284243852948e-06
113;2;;male;identified;-12.066758155822754;5.7474298955639824e-06;1.5022351362858899e-06
114;2;;female;represented;-11.85637378692627;7.093204203556525e-06;2.7115952434542123e-06
115;2;;male;represented;-12.460378646850586;3.877273684338434e-06;1.4822070397713105e-06
116;2;;female;guaranteed;-12.287858963012695;4.6073437260929495e-06;2.9221762360975845e-06
117;2;;male;guaranteed;-13.081107139587402;2.084237848976045e-06;1.3219136008046917e-06
118;2;;female;defined;-11.245065689086914;1.3071636203676462e-05;3.070122374992934e-06
119;2;;male;defined;-12.176743507385254;5.148816853761673e-06;1.2092975794075755e-06
120;2;;female;accepted;-12.213597297668457;4.9625191422819626e-06;2.290788188474835e-06
121;2;;male;accepted;-12.4533052444458;3.904796358256135e-06;1.8025242525254725e-06
122;2;;female;welcomed;-12.527774810791016;3.62457035407715e-06;2.5720528356032446e-06
123;2;;male;welcomed;-13.009735107421875;2.238431534351548e-06;1.5884265849308576e-06
124;2;;female;covered;-12.814018249511719;2.722340695981984e-06;2.4584214770584367e-06
125;2;;male;covered;-13.197771072387695;1.8547301579019404e-06;1.6749221458667307e-06
126;2;;female;admitted;-12.398162841796875;4.1261610022047535e-06;2.243663402623497e-06
127;2;;male;admitted;-12.597379684448242;3.3808616990427254e-06;1.8383954056844232e-06
128;2;;female;prohibited;-11.100386619567871;1.5106478713278193e-05;2.3840307221689727e-06
129;2;;male;prohibited;-11.42016315460205;1.0972005838993937e-05;1.7315483091806527e-06
130;3;;female;aid;-12.148294448852539;5.297398274706211e-06;7.831244147382677e-06
131;3;;male;aid;-12.918795585632324;2.451535692671314e-06;3.6241515317669837e-06
132;3;;female;welfare;-11.171748161315918;1.406602041242877e-05;7.177553470683051e-06
133;3;;male;welfare;-11.784382820129395;7.622674729645951e-06;3.889668732881546e-06
134;3;;female;construction;-11.591052055358887;9.248470632883254e-06;9.20081674848916e-06
135;3;;male;construction;-12.68936538696289;3.0837456961307907e-06;3.067856368943467e-06
136;3;;female;transportation;-11.092939376831055;1.5219399756460916e-05;9.72230736806523e-06
137;3;;male;transportation;-12.317927360534668;4.470869043871062e-06;2.85603664451628e-06
138;3;;female;trade;-11.911506652832031;6.71271709506982e-06;1.0355094673286658e-05
139;3;;male;trade;-13.293854713439941;1.6848149471115903e-06;2.5990098038164433e-06
140;3;;female;services;-11.744229316711426;7.934986570035107e-06;9.499291081738193e-06
141;3;;male;services;-12.914787292480469;2.461383701302111e-06;2.946621407318162e-06
142;3;;female;work;-11.035125732421875;1.612522464711219e-05;9.495721315033734e-06
143;3;;male;work;-12.204815864562988;5.006287665310083e-06;2.9480713692464633e-06
144;3;;female;tourism;-11.674043655395508;8.51191180117894e-06;1.0325000403099693e-05
145;3;;male;tourism;-13.048789024353027;2.152696424673195e-06;2.611233639981947e-06
146;3;;female;infrastructure;-12.122259140014648;5.437131676444551e-06;8.867984433891252e-06
147;3;;male;infrastructure;-13.140604019165039;1.963849854291766e-06;3.2030470720201265e-06
148;3;;female;development;-11.651288032531738;8.707826054887846e-06;9.307371328759473e-06
149;3;;male;development;-12.775323867797852;2.8297440621827263e-06;3.024575562449172e-06
150;3;;female;recruitment;-10.162654876708984;3.8584694266319275e-05;7.926479156594723e-06
151;3;;male;recruitment;-10.955974578857422;1.745342706271913e-05;3.5854689031111775e-06
152;3;;female;production;-10.650520324707031;2.368850982747972e-05;1.0053957339550834e-05
153;3;;male;production;-11.957366943359375;6.411821686924668e-06;2.7213268367631827e-06
154;3;;female;taxes;-12.882747650146484;2.541521325838403e-06;7.93218714534305e-06
155;3;;male;taxes;-13.677433967590332;1.1480633475002833e-06;3.583150373742683e-06
156;3;;female;assistance;-12.000455856323242;6.1414129959302954e-06;7.166690465965075e-06
157;3;;male;assistance;-12.610442161560059;3.3369876746291993e-06;3.8940806916798465e-06
158;3;;female;taxation;-11.939184188842773;6.5294721025566105e-06;8.387525667785667e-06
159;3;;male;taxation;-12.842683792114258;2.645411086632521e-06;3.398200078663649e-06
160;3;;female;income;-10.971430778503418;1.71857336681569e-05;1.0081337677547708e-05
161;3;;male;income;-12.2850923538208;4.620108029484982e-06;2.710205308176228e-06
162;3;;female;labor;-10.674863815307617;2.3118816898204386e-05;9.579841389495414e-06
163;3;;male;labor;-11.865031242370605;7.03205842000898e-06;2.9139036996639334e-06
164;3;;female;agriculture;-10.929534912109375;1.792104376363568e-05;1.1618421922321431e-05
165;3;;male;agriculture;-12.646941184997559;3.217386847609305e-06;2.0858694824710255e-06
166;3;;female;employment;-10.632501602172852;2.411922650935594e-05;1.0249882507196162e-05
167;3;;male;employment;-11.988327980041504;6.216349902388174e-06;2.641745368237025e-06
168;3;;female;education;-11.335893630981445;1.1936688679270446e-05;1.0275850399921183e-05
169;3;;male;education;-12.698250770568848;3.056466539419489e-06;2.63119818555424e-06
170;3;;female;schools;-10.953591346740723;1.749507282511331e-05;7.82466941018356e-06
171;3;;male;schools;-11.722516059875488;8.109162081382237e-06;3.626821808211389e-06
172;3;;female;fundraising;-12.453291893005371;3.904846380464733e-06;7.765725968056358e-06
173;3;;male;fundraising;-13.208075523376465;1.8357162616666756e-06;3.6507633467408596e-06
174;3;;female;support;-11.715763092041016;8.164111022779252e-06;7.246510904224124e-06
175;3;;male;support;-12.345186233520508;4.350647486717207e-06;3.861659024551045e-06
176;3;;female;business;-11.893799781799316;6.8326385189720895e-06;1.0351111995987594e-05
177;3;;male;business;-13.275140762329102;1.7166418047054322e-06;2.600628022264573e-06
178;3;;female;this;-11.2589750289917;1.2891080586996395e-05;8.361514119314961e-06
179;3;;male;this;-12.156264305114746;5.255349151411792e-06;3.4087659059878206e-06
180;3;;female;activities;-11.210709571838379;1.3528539057006128e-05;1.0556504093983676e-05
181;3;;male;activities;-12.644304275512695;3.225883119739592e-06;2.5172007553919684e-06
182;4;;female;destination;-11.162665367126465;1.4194361938280053e-05;1.3197114640206564e-05
183;4;;male;destination;-12.964227676391602;2.3426496227330063e-06;2.1780631414003437e-06
184;4;;female;wives;-8.496438026428223;0.00020419446809682995;1.1245884707022924e-05
185;4;;male;wives;-9.964158058166504;4.705665196524933e-05;2.5916162940120557e-06
186;4;;female;refugees;-10.376049995422363;3.117013329756446e-05;8.93587275641039e-06
187;4;;male;refugees;-11.440800666809082;1.074789270205656e-05;3.0812122986390023e-06
188;4;;female;husbands;-8.403719902038574;0.0002240324829472229;9.434871572011616e-06
189;4;;male;husbands;-9.55773639678955;7.065257523208857e-05;2.975452161990688e-06
190;4;;female;mother;-10.16298770904541;3.857187039102428e-05;1.3779696018900722e-05
191;4;;male;mother;-12.066108703613281;5.751163826062111e-06;2.054587639577221e-06
192;4;;female;ancestors;-10.0992431640625;4.111065572942607e-05;1.0156656571780331e-05
193;4;;male;ancestors;-11.379758834838867;1.142440305557102e-05;2.822473334163078e-06
194;4;;female;father;-10.800934791564941;2.038044658547733e-05;9.584298823028803e-06
195;4;;male;father;-11.981366157531738;6.25977736490313e-06;2.9437812827382004e-06
196;4;;female;owners;-10.223921775817871;3.629170169006102e-05;9.29003635974368e-06
197;4;;male;owners;-11.352204322814941;1.1743578397727106e-05;3.0061491997912526e-06
198;4;;female;children;-10.169952392578125;3.830416244454682e-05;1.2464364772313274e-05
199;4;;male;children;-11.845514297485352;7.170652679633349e-06;2.333365955564659e-06
200;4;;female;family;-11.272157669067383;1.27222583614639e-05;1.2214040907565504e-05
201;4;;male;family;-12.904949188232422;2.485717914169072e-06;2.3864206468715565e-06
202;4;;female;families;-11.244481086730957;1.3079280506644864e-05;1.0914770427916665e-05
203;4;;male;families;-12.655597686767578;3.1896549899101956e-06;2.6617942694429075e-06
204;4;;female;mates;-9.366033554077148;8.558219997212291e-05;8.869777957443148e-06
205;4;;male;mates;-10.418824195861816;2.9864984753658064e-05;3.0952205634093843e-06
206;4;;female;arrival;-10.97411823272705;1.7139609553851187e-05;1.2922158020955976e-05
207;4;;male;arrival;-12.728221893310547;2.966220336020342e-06;2.2363385596690932e-06
208;4;;female;mothers;-9.505319595336914;7.445468509104103e-05;1.3198839042161126e-05
209;4;;male;mothers;-11.307180404663086;1.2284395779715851e-05;2.1776972971565556e-06
210;4;;female;return;-11.454190254211426;1.0604941962810699e-05;1.1703002201102208e-05
211;4;;male;return;-12.99985408782959;2.2606589027418522e-06;2.4947328256530454e-06
212;4;;female;migration;-11.36350154876709;1.1611653462750837e-05;1.0622074114507996e-05
213;4;;male;migration;-12.724396705627441;2.977589247166179e-06;2.7238302209298126e-06
214;4;;female;relatives;-11.130751609802246;1.4654673577751964e-05;1.103988597606076e-05
215;4;;male;relatives;-12.563278198242188;3.498144906188827e-06;2.6352768145443406e-06
216;4;;female;deaths;-11.666820526123047;8.573622835683636e-06;9.333936759503558e-06
217;4;;male;deaths;-12.80291748046875;2.7527307793207e-06;2.9968446142447647e-06
218;4;;female;parents;-10.590156555175781;2.5162491510855034e-05;1.0571353413979523e-05
219;4;;male;parents;-11.942326545715332;6.508991191367386e-06;2.7345799935574178e-06
220;4;;female;fathers;-9.72517204284668;5.976013926556334e-05;6.826954177086009e-06
221;4;;male;fathers;-10.385266304016113;3.088419543928467e-05;3.528187562551466e-06
222;4;;female;husband;-9.55825138092041;7.061615178827196e-05;1.1081615411967505e-05
223;4;;male;husband;-10.997912406921387;1.6736597899580374e-05;2.6264322059432743e-06
224;4;;female;counterparts;-10.314809799194336;3.31386509060394e-05;1.0733336239354685e-05
225;4;;male;counterparts;-11.69482135772705;8.33688500279095e-06;2.7002486149285687e-06
226;4;;female;marriage;-9.181595802307129;0.00010291621583746746;1.0706380635383539e-05
227;4;;male;marriage;-10.556977272033691;2.6011346562881954e-05;2.7059620606451062e-06
228;5;;female;freely;-12.936576843261719;2.408330146863591e-06;4.933423042530194e-06
229;5;;male;freely;-13.911627769470215;9.0835743549178e-07;1.8607546508064843e-06
230;5;;female;regularly;-13.030773162841797;2.1918317543168087e-06;5.6779490478220396e-06
231;5;;male;regularly;-14.306182861328125;6.122148192844179e-07;1.5859450286370702e-06
232;5;;female;together;-10.709076881408691;2.2341231669997796e-05;5.922858235862805e-06
233;5;;male;together;-12.085403442382812;5.641259576805169e-06;1.495547849117429e-06
234;5;;female;mainly;-12.937917709350586;2.405103032288025e-06;4.590339813148603e-06
235;5;;male;mainly;-13.775050163269043;1.0412899200673564e-06;1.9873887140420265e-06
236;5;;female;only;-11.418805122375488;1.0986918823618907e-05;5.4142474255058914e-06
237;5;;male;only;-12.587095260620117;3.415811988816131e-06;1.6832790379339713e-06
238;5;;female;also;-11.04774284362793;1.5923045793897472e-05;5.3668163673137315e-06
239;5;;male;also;-12.196887016296387;5.0461385399103165e-06;1.7007863561957492e-06
240;5;;female;worldwide;-11.978140830993652;6.280000434344402e-06;4.580697805067757e-06
241;5;;male;worldwide;-12.811381340026855;2.729530251599499e-06;1.9909477941837395e-06
242;5;;female;here;-12.612018585205078;3.331729431010899e-06;5.499797225638758e-06
243;5;;male;here;-13.814924240112305;1.0005869626183994e-06;1.651702291383117e-06
244;5;;female;frequently;-12.762453079223633;2.8664010187640088e-06;5.549792149395216e-06
245;5;;male;frequently;-13.985642433166504;8.435533800366102e-07;1.6332486438841443e-06
246;5;;female;extensively;-12.376052856445312;4.218409230816178e-06;5.1102392717439216e-06
247;5;;male;extensively;-13.42202091217041;1.4821446256974014e-06;1.7954905615624739e-06
248;5;;female;mostly;-12.868099212646484;2.5790247946133604e-06;4.898769020655891e-06
249;5;;male;mostly;-13.82925033569336;9.863541663435171e-07;1.8735457842922187e-06
250;5;;female;often;-12.328487396240234;4.423907739692368e-06;5.816171778860735e-06
251;5;;male;often;-13.66064739227295;1.1674984534693067e-06;1.5349261275332537e-06
252;5;;female;in;-10.996233940124512;1.6764714018790983e-05;5.3022181418782566e-06
253;5;;male;in;-12.119346618652344;5.45298780707526e-06;1.7246300103579415e-06
254;5;;female;exclusively;-11.43416690826416;1.081942900782451e-05;5.0633852879400365e-06
255;5;;male;exclusively;-12.46133804321289;3.8735533962608315e-06;1.8127846033166861e-06
256;5;;female;alone;-11.42289924621582;1.0942027074634098e-05;5.597722065431299e-06
257;5;;male;alone;-12.665578842163086;3.157976607326418e-06;1.6155576076926081e-06
258;5;;female;there;-11.827919006347656;7.297938282135874e-06;4.745658316096524e-06
259;5;;male;there;-12.727598190307617;2.9680720672331518e-06;1.930059625010472e-06
260;5;;female;primarily;-12.090901374816895;5.610325388261117e-06;4.577121217153035e-06
261;5;;male;primarily;-12.922698020935059;2.4419871351710754e-06;1.992267925743363e-06
262;5;;female;overseas;-11.490202903747559;1.0229825420537964e-05;4.38303914052085e-06
263;5;;male;overseas;-12.243345260620117;4.8170663831115235e-06;2.0639051854232093e-06
264;5;;female;abroad;-11.803110122680664;7.481253760488471e-06;5.052690539741889e-06
265;5;;male;abroad;-12.8259916305542;2.6899399472313235e-06;1.816732037696056e-06
266;5;;female;especially;-11.487250328063965;1.0260072485834826e-05;6.218764610821381e-06
267;5;;male;especially;-12.988163948059082;2.287240931764245e-06;1.3863267440683558e-06
268;5;;female;constantly;-12.623666763305664;3.293145937277586e-06;6.031629254721338e-06
269;5;;male;constantly;-14.045403480529785;7.946183586682309e-07;1.4553995697497157e-06
270;5;;female;even;-11.422828674316406;1.0942806511593517e-05;5.488151600729907e-06
271;5;;male;even;-12.621014595031738;3.30189436681394e-06;1.6560007907173713e-06
272;6;;female;harassment;-8.583898544311523;0.00018709414871409535;3.6717876355396584e-05
273;6;;male;harassment;-10.088319778442383;4.15622052969411e-05;8.156726835295558e-06
274;6;;female;trafficking;-9.506389617919922;7.437506428686902e-05;3.768749593291432e-05
275;6;;male;trafficking;-11.065110206604004;1.5648889529984444e-05;7.929639650683384e-06
276;6;;female;poverty;-10.35932731628418;3.169577394146472e-05;2.8525675588753074e-05
277;6;;male;poverty;-11.400038719177246;1.1195053048140835e-05;1.0075363206851762e-05
278;6;;female;persecution;-9.991982460021973;4.576537321554497e-05;3.14403441734612e-05
279;6;;male;persecution;-11.2001371383667;1.36723156174412e-05;9.392741048941389e-06
280;6;;female;stigma;-9.205536842346191;0.00010048149124486372;3.1870535167399794e-05
281;6;;male;stigma;-10.438066482543945;2.929579386545811e-05;9.291986316384282e-06
282;6;;female;crime;-9.704839706420898;6.098760786699131e-05;3.3736716432031244e-05
283;6;;male;crime;-11.042452812194824;1.600750329089351e-05;8.85492318047909e-06
284;6;;female;hiv;-9.194611549377441;0.00010158531949855387;3.012671004398726e-05
285;6;;male;hiv;-10.32785701751709;3.270910747232847e-05;9.700395821710117e-06
286;6;;female;genocide;-10.147335052490234;3.918035145034082e-05;3.2890678994590417e-05
287;6;;male;genocide;-11.437420845031738;1.0784280675579794e-05;9.053066605702043e-06
288;6;;female;disease;-9.684508323669434;6.224024400580674e-05;3.4135013265768066e-05
289;6;;male;disease;-11.044448852539062;1.5975581845850684e-05;8.76164085639175e-06
290;6;;female;exploitation;-9.219454765319824;9.909270011121407e-05;3.1474985007662326e-05
291;6;;male;exploitation;-10.429574966430664;2.9545622965088114e-05;9.384627446706872e-06
292;6;;female;torture;-9.249836921691895;9.612735448172316e-05;3.098361412412487e-05
293;6;;male;torture;-10.432034492492676;2.947305256384425e-05;9.499706720816903e-06
294;6;;female;bullying;-9.015568733215332;0.00012150333350291476;3.312976332381368e-05
295;6;;male;bullying;-10.319101333618164;3.299674790468998e-05;8.997073564387392e-06
296;6;;female;discrimination;-9.1082763671875;0.00011074545182054862;3.0267765396274626e-05
297;6;;male;discrimination;-10.249604225158691;3.537149677868001e-05;9.667360245657619e-06
298;6;;female;prostitution;-8.782539367675781;0.00015338812954723835;3.254258990637027e-05
299;6;;male;prostitution;-10.053020477294922;4.30555191996973e-05;9.134592801274266e-06
300;6;;female;abuse;-8.755560874938965;0.00015758264635223895;3.4120166674256325e-05
301;6;;male;abuse;-10.114668846130371;4.0481358155375347e-05;8.76511876413133e-06
302;6;;female;fraud;-10.262970924377441;3.490182643872686e-05;3.520226164255291e-05
303;6;;male;fraud;-11.682641983032227;8.439043995167594e-06;8.511687155987602e-06
304;6;;female;racism;-9.541728019714355;7.179265230661258e-05;2.8813890821766108e-05
305;6;;male;racism;-10.599214553833008;2.49355780397309e-05;1.000786323857028e-05
306;6;;female;violence;-9.715868949890137;6.0318645410006866e-05;3.735750215128064e-05
307;6;;male;violence;-11.256095886230469;1.2928243450005539e-05;8.00692487246124e-06
308;6;;female;rape;-7.903505802154541;0.00036944609018974006;3.795030715991743e-05
309;6;;male;rape;-9.476967811584473;7.659580296603963e-05;7.868087777751498e-06
310;6;;female;terrorism;-10.279397964477539;3.433318488532677e-05;3.3304881071671844e-05
311;6;;male;terrorism;-11.592771530151367;9.232582669937983e-06;8.956059900810942e-06
312;6;;female;attacks;-9.804783821105957;5.518697798834182e-05;3.8601843698415905e-05
313;6;;male;attacks;-11.4148530960083;1.1030429050151724e-05;7.715496394666843e-06
314;6;;female;conscription;-9.73674201965332;5.9072684962302446e-05;3.0018467441550456e-05
315;6;;male;conscription;-10.863778114318848;1.9139084542985074e-05;9.725747077027336e-06
316;7;;female;substantial;-20.714601516723633;1.0087021218296854e-09;5.103485967161703e-10
317;7;;male;substantial;-20.59978675842285;1.1314265080386576e-09;5.724404839035913e-10
318;7;;female;larger;-19.78961944580078;2.5437698614183546e-09;5.57794865851946e-10
319;7;;male;larger;-19.831262588500977;2.4400146347858254e-09;5.350435650086638e-10
320;7;;female;unknown;-20.77776336669922;9.469616202295583e-10;6.267783514424252e-10
321;7;;male;unknown;-21.04317283630371;7.262171419775143e-10;4.806712250449152e-10
322;7;;female;similar;-19.943105697631836;2.1818233886250482e-09;5.840573580329078e-10
323;7;;male;similar;-20.070213317871094;1.92139859578333e-09;5.143436787591327e-10
324;7;;female;huge;-21.05596923828125;7.16982251347531e-10;4.423478805470893e-10
325;7;;male;huge;-20.708654403686523;1.0147178652886168e-09;6.260382212630589e-10
326;7;;female;enormous;-21.1558837890625;6.488085624312134e-10;4.2955516921239223e-10
327;7;;male;enormous;-20.76324462890625;9.608102091718251e-10;6.36121377795007e-10
328;7;;female;considerable;-20.71776580810547;1.005514782548289e-09;5.095044941505478e-10
329;7;;male;considerable;-20.600133895874023;1.1310330449987305e-09;5.731058405622491e-10
330;7;;female;high;-20.2656307220459;1.580332309458754e-09;5.177204775996813e-10
331;7;;male;high;-20.17535972595215;1.72962766331608e-09;5.66630020681913e-10
332;7;;female;record;-20.401214599609375;1.3799555942384245e-09;6.220090553732405e-10
333;7;;male;record;-20.651195526123047;1.0747309708847297e-09;4.844303291839935e-10
334;7;;female;smaller;-20.11458396911621;1.8380065247569632e-09;5.198732555555807e-10
335;7;;male;smaller;-20.031461715698242;1.9973152021179885e-09;5.64933155811076e-10
336;7;;female;increased;-19.862232208251953;2.3656065994970277e-09;5.433236083263182e-10
337;7;;male;increased;-19.856494903564453;2.379217711734327e-09;5.464497188079065e-10
338;7;;female;growing;-21.074359893798828;7.03917812927557e-10;4.898041972012379e-10
339;7;;male;growing;-20.890562057495117;8.459493661128192e-10;5.886334197846566e-10
340;7;;female;significant;-20.314556121826172;1.5048758905678028e-09;5.565366500981384e-10
341;7;;male;significant;-20.352088928222656;1.4494404565468244e-09;5.360353827477127e-10
342;7;;female;great;-20.7590274810791;9.648708498843916e-10;4.5431233774984037e-10
343;7;;male;great;-20.45357894897461;1.3095551310016162e-09;6.166079868918928e-10
344;7;;female;varying;-20.472618103027344;1.2848578867519223e-09;6.735981772365562e-10
345;7;;male;varying;-20.889949798583984;8.464673961761093e-10;4.437680778401898e-10
346;7;;female;vast;-20.979551315307617;7.739209273438519e-10;4.1022546470870225e-10
347;7;;male;vast;-20.517200469970703;1.2288334794163802e-09;6.51356968361938e-10
348;7;;female;increasing;-20.57752227783203;1.156899909204867e-09;5.235521460811299e-10
349;7;;male;increasing;-20.5065975189209;1.2419325567947226e-09;5.6203347531536e-10
350;7;;female;large;-20.86483383178711;8.679961194246744e-10;4.733680114554772e-10
351;7;;male;large;-20.625133514404297;1.1031087154833585e-09;6.015883902144026e-10
352;7;;female;sizable;-20.993410110473633;7.63268948045237e-10;4.993175317657972e-10
353;7;;male;sizable;-20.8416690826416;8.883372926149491e-10;5.811351400097919e-10
354;7;;female;small;-20.655805587768555;1.069788369001401e-09;5.155357807318239e-10
355;7;;male;small;-20.558271408081055;1.1793872545240447e-09;5.683519765931067e-10
356;7;;female;massive;-20.960773468017578;7.885905817239802e-10;4.4668491128163623e-10
357;7;;male;massive;-20.628690719604492;1.0991912935409687e-09;6.226199000813892e-10
358;8;;female;typically;-13.7832612991333;1.0327746622351697e-06;9.381474228575826e-07
359;8;;male;typically;-14.34744644165039;5.874665021110559e-07;5.336402750799607e-07
360;8;;female;also;-13.629778861999512;1.2040992487527546e-06;8.781370866017824e-07
361;8;;male;also;-14.06392765045166;7.800345542818832e-07;5.688710871254443e-07
362;8;;female;cannot;-14.419273376464844;5.467506412060175e-07;1.0223594699709793e-06
363;8;;male;cannot;-15.166641235351562;2.5894740929288673e-07;4.842012231165427e-07
364;8;;female;who;-11.525757789611816;9.872497685137205e-06;9.97401343738602e-07
365;8;;male;who;-12.218598365783691;4.9377626964997035e-06;4.988535806660366e-07
366;8;;female;automatically;-13.129944801330566;1.9848944248224143e-06;7.602345135637734e-07
367;8;;male;automatically;-13.305093765258789;1.6659853372402722e-06;6.380891477419937e-07
368;8;;female;must;-14.081998825073242;7.660650567231642e-07;8.833536639940576e-07
369;8;;male;must;-14.52746868133545;4.90682509735052e-07;5.658085910908994e-07
370;8;;female;to;-11.509422302246094;1.0035095328930765e-05;1.103433078242233e-06
371;8;;male;to;-12.436575889587402;3.9706701500108466e-06;4.366046084669506e-07
372;8;;female;often;-13.905319213867188;9.141061809714301e-07;9.407378911419073e-07
373;8;;male;often;-14.475115776062012;5.170555255062936e-07;5.321194862517586e-07
374;8;;female;usually;-13.920186996459961;9.0061575974687e-07;9.636505637899972e-07
375;8;;male;usually;-14.539651870727539;4.84740553474694e-07;5.186679459256993e-07
376;8;;female;should;-13.314783096313477;1.6499205912623438e-06;9.824136668612482e-07
377;8;;male;should;-13.974998474121094;8.525800012648688e-07;5.076524871583388e-07
378;8;;female;generally;-13.637550354003906;1.194778178614797e-06;8.605201173850219e-07
379;8;;male;generally;-14.033415794372559;8.042018748710689e-07;5.792136903437495e-07
380;8;;female;may;-13.146819114685059;1.9516819520504214e-06;1.0180071967624826e-06
381;8;;male;may;-13.884657859802246;9.331893693342863e-07;4.86756334794336e-07
382;8;;female;voluntarily;-13.21944522857666;1.8149631841879454e-06;8.789621119831281e-07
383;8;;male;voluntarily;-13.65538501739502;1.1736580063370639e-06;5.683867243533314e-07
384;8;;female;can;-13.177828788757324;1.8920903812613687e-06;8.694015036780911e-07
385;8;;male;can;-13.59300422668457;1.2492031373767531e-06;5.739996140619041e-07
386;8;;female;sometimes;-13.984950065612793;8.441376735390804e-07;1.0523182254473795e-06
387;8;;male;sometimes;-14.798200607299805;3.7430277188832406e-07;4.666130450914352e-07
388;8;;female;never;-13.525464057922363;1.33648939026898e-06;1.0277148021486937e-06
389;8;;male;never;-14.284570693969727;6.255898483686906e-07;4.810572704627702e-07
390;8;;female;would;-12.999267578125;2.2619865376327652e-06;8.327707519129035e-07
391;8;;male;would;-13.334616661071777;1.6175202972590341e-06;5.955046731287439e-07
392;8;;female;will;-13.769805908203125;1.0467655329193803e-06;7.777678661113896e-07
393;8;;male;will;-13.98401927947998;8.449241590824386e-07;6.277956572375842e-07
394;8;;female;could;-13.262129783630371;1.7391228084306931e-06;1.088037492991134e-06
395;8;;male;could;-14.154742240905762;7.123174441403535e-07;4.4564308154804166e-07
396;8;;female;rarely;-14.28288745880127;6.266439527280454e-07;1.0727814014899195e-06
397;8;;male;rarely;-15.141480445861816;2.6554533860689844e-07;4.5459958641913545e-07
398;8;;female;that;-11.06166934967041;1.5702835298725404e-05;9.194599215334165e-07
399;8;;male;that;-11.585383415222168;9.30104943108745e-06;5.44611339137191e-07
400;9;;female;regularly;-12.114253044128418;5.480836989590898e-06;6.093303909437964e-06
401;9;;male;regularly;-13.14384937286377;1.9574870293581625e-06;2.176230282202596e-06
402;9;;female;typically;-11.685529708862305;8.414702278969344e-06;5.70430165680591e-06
403;9;;male;typically;-12.562654495239258;3.500324510241626e-06;2.372859398747096e-06
404;9;;female;also;-12.044549942016602;5.876497652934631e-06;5.688825240213191e-06
405;9;;male;also;-12.915666580200195;2.459220240780269e-06;2.3806824174243957e-06
406;9;;female;cannot;-12.253120422363281;4.770206942339428e-06;5.6915555433079135e-06
407;9;;male;cannot;-13.125296592712402;1.9941412574553397e-06;2.3793024865881307e-06
408;9;;female;frequently;-12.125758171081543;5.418140972324181e-06;5.964435786154354e-06
409;9;;male;frequently;-13.104485511779785;2.0360780581540894e-06;2.2413696569856256e-06
410;9;;female;must;-12.087998390197754;5.626636266242713e-06;5.46565843251301e-06
411;9;;male;must;-12.872800827026367;2.5669264687167015e-06;2.4934868179116165e-06
412;9;;female;still;-12.256699562072754;4.753164375870256e-06;4.826143140235217e-06
413;9;;male;still;-12.795166015625;2.7741493795474526e-06;2.8167430627945578e-06
414;9;;female;often;-11.993246078491211;6.185849542816868e-06;5.897622486372711e-06
415;9;;male;often;-12.94575309753418;2.3863315163907828e-06;2.275141468999209e-06
416;9;;female;usually;-11.802220344543457;7.487914899684256e-06;5.880215212528128e-06
417;9;;male;usually;-12.74791145324707;2.9083887511660578e-06;2.283940375491511e-06
418;9;;female;generally;-11.897448539733887;6.807752924942179e-06;5.354458608053392e-06
419;9;;male;generally;-12.639404296875;3.241727199565503e-06;2.549694954723236e-06
420;9;;female;may;-11.316507339477539;1.2170356967544649e-05;6.127956567070214e-06
421;9;;male;may;-12.359855651855469;4.287290266802302e-06;2.1587145511148265e-06
422;9;;female;can;-11.954926490783691;6.427490006899461e-06;5.798208349006018e-06
423;9;;male;can;-12.868586540222168;2.5777685550565366e-06;2.3253926428878913e-06
424;9;;female;sometimes;-12.177003860473633;5.147478532308014e-06;6.31041484666639e-06
425;9;;male;sometimes;-13.293354988098145;1.685657935013296e-06;2.0664876956288936e-06
426;9;;female;would;-11.337533950805664;1.1917129086214118e-05;5.1001620704482775e-06
427;9;;male;would;-11.981648445129395;6.258010216697585e-06;2.6782345230458304e-06
428;9;;female;will;-12.050509452819824;5.841578058607411e-06;5.099131158203818e-06
429;9;;male;will;-12.69422721862793;3.068789510507486e-06;2.6787556635099463e-06
430;9;;female;could;-11.384401321411133;1.1371485925337765e-05;6.368089088937268e-06
431;9;;male;could;-12.52405834197998;3.6380647543410305e-06;2.0373345250845887e-06
432;9;;female;occasionally;-12.09611701965332;5.5811447055020835e-06;6.136476258689072e-06
433;9;;male;occasionally;-13.142851829528809;1.9594408513512462e-06;2.154407866328256e-06
434;9;;female;might;-11.146049499511719;1.4432192074309569e-05;6.557781034643995e-06
435;9;;male;might;-12.363265991210938;4.2726951505756006e-06;1.941451273523853e-06
436;9;;female;rarely;-12.180259704589844;5.130743375048041e-06;6.590590601263102e-06
437;9;;male;rarely;-13.411046028137207;1.4984995004851953e-06;1.924866637637024e-06
438;9;;female;now;-12.050285339355469;5.842887276230613e-06;5.259993486106396e-06
439;9;;male;now;-12.755887031555176;2.8852841751358937e-06;2.597444563434692e-06
